categoria;nome do grupo;link;data;site
Figurinhas;💟⃝🎧 𝐏𝐀𝐍𝐂𝐀𝐃Ã𝐎 𝐃𝐎𝐒 𝐋𝐈𝐍𝐊𝐒༒🔥;https://chat.whatsapp.com/KYBOgpeILGo1ehxvfa9WNZ;2026-10-08;linkdegrupo.com.br
Figurinhas;💟PANCADÃO DAS FIGURINHAS💟;https://chat.whatsapp.com/HTyMEctpETBIBlq1JIuzwZ;2026-10-08;linkdegrupo.com.br
Figurinhas;PANCADÃO DAS FIGURINHAS;https://chat.whatsapp.com/L6s2uq19IHV2slGjTq21sJ;2026-10-03;linkdegrupo.com.br
Figurinhas;@Figurinhas;https://chat.whatsapp.com/G6cAOWiISyV14pg1raDU79;2026-10-01;linkdegrupo.com.br
Figurinhas;💟⃝🎧 𝐏𝐀𝐍𝐂𝐀𝐃Ã𝐎 𝐃𝐎𝐒 𝐋𝐈𝐍𝐊𝐒 ༒⃟🔥;https://chat.whatsapp.com/HPNgkgmJviyCUBIEfpJKC3;2026-10-01;linkdegrupo.com.br
Figurinhas;POSEIDON STICKERS BATTLE;https://chat.whatsapp.com/DosLBZzXfEn5D5sPSbPr4S;2026-09-11;linkdegrupo.com.br
Figurinhas;Grupo de amizades e Figurinhas;https://chat.whatsapp.com/E09cO9QPpP95GttPxdldok;2026-09-10;grupodewhats.app
Figurinhas;REI DAS FIGURINHAS;https://chat.whatsapp.com/CikwstTfYeiFrya53gKHom;2026-09-07;linkdegrupo.com.br
Figurinhas;STICKERS;https://chat.whatsapp.com/F94dyJh0qeM8HhBFaR5huQ;2026-09-02;grupodewhats.app
Figurinhas;Grupo de Sticker;https://chat.whatsapp.com/Ck8YJ6597AbHswm3jBZloe;2026-08-27;grupodewhats.app
Figurinhas;Arena Duelos;https://chat.whatsapp.com/LoxtlMorN7nLNl4uuKuLw0;2026-08-21;linkdegrupo.com.br
Figurinhas;𝑺𝒕𝒊𝒄𝒌𝒆𝒓𝒔 𝒅𝒂 𝑺𝒐𝒎𝒃𝒓𝒂;https://chat.whatsapp.com/BobBZZ2wSosLPFVnJJrNGe;2026-08-19;linkdegrupo.com.br
Figurinhas;Batalha De Figurinhas;https://chat.whatsapp.com/ILeEgXV6rG88RiCkgAEFlu;2026-08-12;grupodewhats.app
Figurinhas;Boteco dos Stickers;https://chat.whatsapp.com/FHKPnW6mcBZAEOJ3GhrUok;2026-07-22;linkdegrupo.com.br
Figurinhas;saco cheio de figurinhas;https://chat.whatsapp.com/IpldTQaHAVVHillSw8cWTF;2026-07-17;linkdegrupo.com.br
Figurinhas;Universo stickers;https://chat.whatsapp.com/CHg2hHNDtJL2Es6FwoFw87;2026-07-13;linkdegrupo.com.br
Figurinhas;Compartilhe Suas Figurinhas;https://chat.whatsapp.com/DAkvu3hSpSI7ieLrNiuY9W;2026-07-09;grupodewhats.app
Figurinhas;figurinhas tik Tok;https://chat.whatsapp.com/F3ZmyXUymHX8On3V3Bre5L;2026-07-08;linkdegrupo.com.br
Figurinhas;Dragon stickers;https://chat.whatsapp.com/DIpx1zQoG6u3JMYDLWrXlZ;2026-06-29;linkdegrupo.com.br
Figurinhas;STICKERS 2026;https://chat.whatsapp.com/KADQH1JO7BFCfil12N3TMu;2026-06-25;linkdegrupo.com.br
Figurinhas;Figurinhas de whatsapp e zuera;https://chat.whatsapp.com/BoA3Qn89aNQCZ0rgikS8qX;2026-06-22;grupodewhats.app
Figurinhas;🍷⛧ 𝙋𝙐𝙍𝙀 𝙁𝙇𝙊𝙒 ⛧🍷;https://chat.whatsapp.com/HcBNdByanWK4adFVJx9zzx;2026-06-17;linkdegrupo.com.br
Figurinhas;Império das figurinhas;https://chat.whatsapp.com/ElmroXNjh74GCcKj3uu7h8;2026-06-12;grupodewhats.app
Figurinhas;SQUAD ☠️ STICKERS;https://chat.whatsapp.com/Gex1Or2Vm4QC2k7pCzowy2;2026-06-08;linkdegrupo.com.br
Figurinhas;BIEL STICKERS;https://chat.whatsapp.com/CRzYKC0nvvjEQ99oJoPJ2K;2026-06-07;grupodewhats.app
Figurinhas;Figurinhas da copa 2026;https://chat.whatsapp.com/GKk0RvBToGFLhyB7rcKVin;2026-06-05;grupodewhats.app
Figurinhas;MEMES & STICKERS;https://chat.whatsapp.com/CgMe3yTqzF9JQy7s7Wx4rq;2026-06-01;linkdegrupo.com.br
Figurinhas;Figurinhas e Memes 📲;https://chat.whatsapp.com/Cq0DaZPWsLyIXeQQwiJkJI;2026-05-31;grupodewhats.app
Figurinhas;Figurinhas da copa 2026;https://chat.whatsapp.com/FEnHZEyXtfn1kyW3RAlv45;2026-05-25;grupodewhats.app
Figurinhas;Grupo de figurinhas românticas;https://chat.whatsapp.com/Ce9uUL9VmMUHOuJqFBoeg6;2026-05-21;grupodewhats.app
Figurinhas;Grupo figurinhas da copa 2026;https://chat.whatsapp.com/HnEq6jAG1bd7VTZBe02To6;2026-05-20;grupodewhats.app
Figurinhas;Stickers top;https://chat.whatsapp.com/DuYS09Iw6kZAvLLNsDYqQB;2026-05-20;grupodewhats.app
Figurinhas;༒⑅⃝ঔৣ🔥𝐀𝐃𝐄𝐋𝐄𝐋𝐇𝐀𝐌᭄༒⑅⃝ঔৣ🔥;https://chat.whatsapp.com/C6JyrYFiECl52hjC0af8Mn;2026-05-19;linkdegrupo.com.br
Figurinhas;Vale adesivos;https://chat.whatsapp.com/H3p8D41EZgqEwaaO8QNuPB;2026-05-17;linkdegrupo.com.br
Figurinhas;Fernanda figurinhas tops;https://chat.whatsapp.com/KUGzS3w5ZECAfhHazWlWOI;2026-05-11;grupodewhats.app
Namoro;❤️ GRUPO DE NAMORO E AMIZADE ❤️;https://chat.whatsapp.com/FWsgf6FMNjqFYbSOR8Z46L;2026-10-08;linkdegrupo.com.br
Namoro;Formando casais e amizades;https://chat.whatsapp.com/CQRWqrvSSv66BfbugQRIU2;2026-09-28;linkdegrupo.com.br
Namoro;Namoro Virtual;https://chat.whatsapp.com/CmCo8EZtmIJGTsOzPnftzS;2026-09-26;linkdegrupo.com.br
Namoro;Grupinho LGBT+;https://chat.whatsapp.com/CeQjgGJ1TrR8t1El4BZ1ip;2026-09-26;linkdegrupo.com.br
Namoro;✦ 𝙊𝙨 𝘿𝙚𝙨𝙤𝙗𝙚𝙙𝙞𝙚𝙣𝙩𝙚𝙨 ✦;https://chat.whatsapp.com/BaQCF2dEn0k75X83EbdPEH;2026-09-25;linkdegrupo.com.br
Namoro;𝑾𝒆𝒃 𝑨𝒎𝒊𝒛𝒂𝒅𝒆𝒔 • 𝑶𝒇𝒊𝒄𝒊𝒂𝒍;https://chat.whatsapp.com/DOmL1UNOMEx0hpp8xjANW3;2026-09-25;linkdegrupo.com.br
Namoro;50 tons mais escuros;https://chat.whatsapp.com/FdVViwD8qZiIidXDZpOy0W;2026-09-09;linkdegrupo.com.br
Namoro;Grupo lgbt amizade namoro e ficante;https://chat.whatsapp.com/EvlnClVZ145IAU05JZYODI;2026-09-05;linkdegrupo.com.br
Namoro;🍒𝑫𝒆𝒔𝒆𝒋𝒐 𝑶𝒄𝒖𝒍𝒕𝒐🔥;https://chat.whatsapp.com/Ha3gnIoCZYjLWkXRP7SrVb;2026-09-05;linkdegrupo.com.br
Namoro;Namoro gay oeste de SC;https://chat.whatsapp.com/BtLa1an6vAxJuTdqTvsQ3a;2026-08-28;linkdegrupo.com.br
Namoro;Namoro ou amizade;https://chat.whatsapp.com/GjGYSsKcKCI0Kr6pd4b8io;2026-08-24;linkdegrupo.com.br
Namoro;Amor Sem Limites ou Só Amizade;https://chat.whatsapp.com/E1B6tOIkmnN35hvxjZveHf;2026-08-22;linkdegrupo.com.br
Namoro;Paquera e Amizade;https://chat.whatsapp.com/K5Tty36uMbv10EC3dKmw5c;2026-08-22;linkdegrupo.com.br
Namoro;𝘾𝙝𝙖𝙩 𝙋𝙖𝙦𝙪𝙚𝙧𝙖 ♥;https://chat.whatsapp.com/FWpfSdCbVzc2eeoAWfRljb;2026-08-17;linkdegrupo.com.br
Namoro;Tinder Oficial;https://chat.whatsapp.com/FrY2wT0bt6rIMwAbgwSpGN;2026-08-16;linkdegrupo.com.br
Namoro;Conexão social;https://chat.whatsapp.com/Jegoht0tHPg3ZKJagOeN9B;2026-08-14;linkdegrupo.com.br
Namoro;Namoro virtual;https://chat.whatsapp.com/IRZ3LQmXkJ8EUM9Gy4fBzz;2026-08-01;linkdegrupo.com.br
Namoro;🏳️‍🌈Heartstopper😍🫶🏻🍃;https://chat.whatsapp.com/J5Bq0ozcv3W7HDP15aPLQz;2026-07-31;linkdegrupo.com.br
Namoro;𝙁𝙖𝙡𝙖 𝙈𝙖𝙡, 𝙈𝙖𝙨 𝙁𝙖𝙡𝙖 𝙙𝙚 𝙉𝙤́𝙨 💅;https://chat.whatsapp.com/CmBzREWAj0e6wFmBwZgenH;2026-07-29;linkdegrupo.com.br
Namoro;🌸 𝗖𝗵𝗮𝘁 𝗱𝗮 𝗦𝗵𝗶𝘇𝘂𝗸𝗼-𝗯𝗼𝘁 🌸;https://chat.whatsapp.com/KlxTGqm3fNfKGliEqdVCqT;2026-05-29;linkdegrupo.com.br
Namoro;A procura de um amor namoro e amizade rio claro - sp;https://chat.whatsapp.com/JDVmQkAFJlp8Rdv3KbolPN;2026-05-16;linkdegrupo.com.br
Namoro;GORDINHAS PERFEITAS;https://chat.whatsapp.com/KC9Ur4eCzjmFzFdJDEh4Fm;2026-05-14;linkdegrupo.com.br
